logicnet_output,memorynet_chunks,creativenet_output,emonet_emotion,final_response
"Gradient descent optimizes weights","Neural networks adjust to minimize loss","Backprop feels like water flowing downhill","curiosity","Gradient descent is like sliding downhill, constantly adjusting to minimize mistakes."
"Forests mirror neural networks","Trees branch like decision paths","Nature inspires deep learning","awe","Just like trees branch in a forest, neural networks grow and learn in layers."
"Emotions influence logical decisions","Emotion tags alter perception","Feelings reshape facts","realization","Logic and emotion aren't separate; emotions steer decisions subtly."
"AI learns from experiences","Past data guides future output","AI grows like roots underground","optimism","Like roots learning where to grow, AI learns from what it has seen."
"Swarm behavior inspires algorithms","Bees coordinate efficiently","Buzzing logic","surprise","Swarm AI mimics bees—each unit small but powerful together."
"Neural nets remember patterns","Chunks show repeated ideas","Data deja vu","neutral","Neural networks form memory by repeatedly seeing patterns—like habits forming."
"Nature shapes computation","Forest dynamics match signal flow","Green logic","inspiration","Nature inspires algorithms—trees resemble network graphs in action."
"AI detects sentiment","Words betray inner moods","Subtle emotion tracking","understanding","Emotion models pick up hidden feelings buried in plain words."
"Creativity merges domains","Unexpected analogies emerge","Cross-pollinated ideas","amusement","Creative AI sees links between unrelated things—like bees with data."
"AI rewrites its own rules","Training remaps responses","Self-evolving code","curiosity","Just like evolution, AI tweaks itself based on what it learns."
"Data creates identity","Memories define response","Echoes of knowledge","gratitude","What AI recalls from data defines who it is—like a digital memory."
"Reason leads emotion","Logic filters feeling","Calculated empathy","calm","AI can respond kindly—even when built on cold math."
"AI imagines with facts","Facts shaped with flair","Creative deduction","wonder","Even hard facts gain beauty when blended with imagination."
"AI organizes info like a brain","Chunks align with recall","Neural storage","realization","MemoryNet stores knowledge like our brain’s hippocampus."
"Emotions tune logic","Feelings add weight","Emotive logic","concern","Emotion-aware systems adapt logic based on how we feel."
"Neurons form meaning","Distributed signals spark response","Synaptic metaphors","excitement","Each neuron adds to thought—like words in a sentence."
"Models predict emotion","Sentiment colors outputs","Emotional math","joy","AI emotions aren’t real—but they make its replies feel real to us."
"Connections matter","Context changes response","Link-based logic","understanding","AI weighs not just facts, but how they connect—like reasoning in webs."
"Emotion drives memory","Strong feelings boost recall","Emotive memory","remorse","Just as we remember sad things better, so can AI—if trained that way."
"Concepts interweave","Ideas remix themselves","Cognitive blending","surprise","CortexNet fuses emotion, logic, and memory into one answer."
